species,m1Length,bladeLength,blade/m1,dentaryLength,m1bladeSize,jawDepth,log10mass,log10preyMass,TS_median,TE_median,duration,singleton
Aelurodon_asthenostylus,26.01,19.09,0.733948481,143.1,0.133,34.28,1.356,2.088,15.722,13.24,2.482,
Aelurodon_ferox,28.24,21.43,0.758852691,170.38,0.126,35.7,1.421,2.187,14.453,10.07,4.383,
Aelurodon_mcgrewi,25.67,20.6,0.802493183,161,0.128,34.5,1.345,2.104,13.569,12.662,0.907,
Aelurodon_montanensis,26.4,19.75,0.748106061,154.15,0.128,,1.367,,15.597,15.519,0.078,y
Aelurodon_stirtoni,24.69,18.9,0.765492102,135.5,0.139,28,1.314,1.597,14.35,12.145,2.205,
Aelurodon_taxoides,30.05,22.95,0.763727121,192.3,0.119,39.85,1.47,2.453,13.351,6.652,6.699,
Alopex_lagopus,13.05,8.12,0.622222222,89.14,0.091,13,0.69,-0.959,,,,
Archaeocyon_falkenbachi,,,,,,,,,26.016,25.612,0.404,y
Archaeocyon_leptodus,9.13,6,0.657174151,60.26,0.1,8.73,0.528,-1.228,33.004,26.248,6.756,
Archaeocyon_pavidus,7.65,4.97,0.649673203,50.4,0.099,8.5,0.388,-1.293,33.296,28.045,5.252,
Borophagus_diversidens,32.91,23.37,0.710118505,187.31,0.125,42.29,1.542,2.597,4.768,1.007,3.761,
Borophagus_dudleyi,,,,,,,,,5.118,4.78,0.338,
Borophagus_hilli,29.88,20.92,0.700133869,171.98,0.122,35.24,1.465,2.155,5.732,4.615,1.117,
Borophagus_littoralis,26.5,17.76,0.670188679,154.67,0.115,31.41,1.37,1.876,12.244,6.66,5.584,
Borophagus_orc,22.15,15.73,0.710158014,131.99,0.119,28.04,1.229,1.601,7.163,6.701,0.462,
Borophagus_parvus,23.76,14.97,0.630050505,140.44,0.107,25.45,1.284,1.366,6.598,4.553,2.045,
Borophagus_pugnator,26.88,18.01,0.670014881,156.62,0.115,32.35,1.382,1.948,8.977,4.61,4.368,
Borophagus_secundus,26.92,20.4,0.757800892,142.57,0.143,28.9,1.383,1.674,7.947,4.868,3.08,
Caedocyon_tedfordi,19,,,,,,1.107,,25.965,25.593,0.373,y
Canis_armbrusteri,29.54,22.39,0.757955315,188.89,0.119,32.07,1.456,1.927,2.499,0.105,2.394,
Canis_cedazoensis,,,,,,,,,0.782,0.632,0.15,y
Canis_dirus,33.39,23.01,0.689128482,192,0.12,38,1.553,2.338,0.241,0,0.241,
Canis_edwardii,24.95,17.32,0.694188377,153.16,0.113,25.46,1.323,1.367,2.688,0.98,1.708,
Canis_feneus,,,,,,19.14,,0.675,2.131,1.944,0.186,y
Canis_ferox,19.93,13.2,0.662318113,132,0.1,20.9,1.145,0.888,7.229,4.577,2.652,
Canis_latrans,21.16,13.6,0.642722117,124.14,0.11,18.98,1.193,0.699,,,,
Canis_lepophagus,20.63,15,0.727096461,140.45,0.107,19.22,1.172,0.685,5.55,1.583,3.966,
Canis_lupus,27.6,17.84,0.646376812,161.42,0.111,29.45,1.403,2.21,,,,
Canis_thooides,18.35,13.13,0.715531335,127.15,0.103,21.43,1.08,0.949,2.835,2.653,0.181,y
Carpocyon_compressus,20.94,14,0.668576886,126.5,0.111,23.6,1.184,1.183,15.897,12.049,3.848,
Carpocyon_limosus,,,,,,,,,7.718,5.161,2.557,
Carpocyon_robustus,23.84,16.45,0.690016779,140.86,0.117,26.98,1.287,1.508,12.255,9.344,2.911,
Carpocyon_webbi,24.65,18.9,0.76673428,162,0.117,29.9,1.313,1.757,14.842,6.697,8.145,
Cerdocyon_texanus,14.65,10.96,0.748122867,105.03,0.104,14.62,0.902,0.022,5.212,4.73,0.482,
Chrysocyon_nearcticus,21.49,15.35,0.714285714,158.75,0.097,26.15,1.205,1.432,2.654,2.139,0.514,
Cormocyon_copei,11.49,7.74,0.673629243,75.45,0.103,12.66,0.71,-0.327,29.908,17.805,12.103,
Cormocyon_haydeni,11.5,7.95,0.691304348,68.57,0.116,12.26,0.71,-0.405,30.47,19.473,10.997,
Cuon_alpinus,20.68,14.07,0.680367505,113.73,0.124,23.25,1.174,1.763,,,,
Cynarctoides_acridens,8.93,5.87,0.657334826,61.01,0.096,8.67,0.51,-1.245,27.73,15.108,12.622,
Cynarctoides_emryi,7.62,4.12,0.540682415,51.39,0.08,10.28,0.385,-0.832,19.188,17.875,1.312,
Cynarctoides_gawnae,7.87,5.31,0.674714104,49.35,0.108,6.75,0.41,-1.852,18.386,17.808,0.578,
Cynarctoides_harlowi,6.6,4.09,0.61969697,45.25,0.09,,0.272,,19.14,18.938,0.202,y
Cynarctoides_lemur,7.38,4.72,0.639566396,49.96,0.094,8.94,0.36,-1.171,30.314,21.637,8.677,
Cynarctoides_luskensis,7.55,4.38,0.58013245,50.97,0.086,7.71,0.378,-1.53,20.431,18.713,1.718,
Cynarctoides_roii,6.64,4.32,0.65060241,45.5,0.095,6.96,0.276,-1.778,29.112,27.728,1.383,
Cynarctoides_whistleri,6.67,4.21,0.631184408,45.65,0.092,,0.279,,18.76,18.206,0.555,
Cynarctus_crucidens,11.25,6.08,0.540444444,72.51,0.084,17.08,0.693,0.399,12.03,9.54,2.49,
Cynarctus_galushai,16.09,10.82,0.672467371,108.62,0.1,18.7,0.976,0.619,15.099,13.362,1.737,
Cynarctus_marylandica,,,,,,,,,15.643,14.948,0.695,
Cynarctus_saxatilis,16.68,9.67,0.579736211,102.72,0.094,24.23,1.004,1.247,13.882,12.426,1.456,
Cynarctus_voorhiesi,13.9,7.76,0.558273381,102.09,0.076,17.2,0.86,0.416,12.486,12.164,0.322,
Cynodesmus_martini,20.1,15.5,0.771144279,124.7,0.124,27.3,1.152,1.536,30.109,29.588,0.521,y
Cynodesmus_thooides,16.13,11.47,0.711097334,108.27,0.106,20.06,0.978,0.789,33.271,26.589,6.682,
Desmocyon_matthewi,14.83,10,0.674308833,90.1,0.111,16.6,0.911,0.33,18.797,17.75,1.047,
Desmocyon_thomsoni,13.73,9.3,0.677348871,97.2,0.096,17,0.851,0.388,23.244,17.698,5.546,
Ectopocynus_antiquus,15.4,11,0.714285714,102.59,0.107,17.8,0.941,0.499,33.052,27.677,5.375,
Ectopocynus_intermedius,18.7,13.9,0.743315508,120.26,0.116,21.7,1.095,0.979,28.534,28.089,0.445,y
Ectopocynus_simplicidens,22.03,15.93,0.723104857,135.8,0.117,30.3,1.224,1.789,18.902,18.214,0.688,
Enhydrocyon_basilatus,24.5,19.1,0.779591837,132.5,0.144,30.9,1.308,1.836,26.133,22.003,4.13,
Enhydrocyon_crassidens,23.25,17.82,0.766451613,132.3,0.135,34.8,1.267,2.125,27.822,20.105,7.717,
Enhydrocyon_pahinsintewakpa,21.45,16.05,0.748251748,140.45,0.114,30.39,1.203,1.796,29.99,23.818,6.171,
Enhydrocyon_stenocephalus,20,15.5,0.775,127.06,0.122,31.3,1.148,1.868,29.83,27.906,1.923,
Epicyon_aelurodontoides,,,,,,,,,8.713,8.602,0.11,y
Epicyon_haydeni,36.25,32,0.882758621,236,0.136,51.2,1.618,3.061,12.48,5.63,6.849,
Epicyon_saevus,29.09,20.9,0.718459952,163.5,0.128,32.9,1.444,1.989,13.79,6.624,7.166,
Eucyon_davisi,17.07,11.6,0.679554774,109.95,0.106,16.05,1.023,0.248,8.021,4.699,3.322,
Eucyon_skinneri,16.05,10,0.62305296,113.47,0.088,17.29,0.974,0.429,9.942,9.856,0.085,y
Euoplocyon_brachygnathus,18.18,13.13,0.722222222,110.86,0.118,24.41,1.073,1.265,15.891,12.943,2.949,
Euoplocyon_spissidens,16.4,10.17,0.620121951,101.19,0.1,21.82,0.991,0.993,17.752,17.639,0.113,y
Hesperocyon_coloradensis,11.04,7.06,0.639492754,70,0.101,11.5,0.678,-0.56,33.639,33.549,0.09,
Hesperocyon_gregarius,9.53,6.63,0.695697796,66.59,0.1,10.93,0.562,-0.683,40.158,30,10.158,
Leptocyon_delicatus,6.3,4.63,0.734920635,51.28,0.09,6.77,0.234,-1.843,27.761,27.342,0.42,y
Leptocyon_douglassi,8.9,6.2,0.696629213,68.79,0.09,8,0.508,-1.44,29.921,24.868,5.053,
Leptocyon_gregorii,10,7.1,0.71,68.4,0.104,10.46,0.6,-0.79,25.938,19.593,6.346,
Leptocyon_leidyi,10.63,7.26,0.682972719,79.99,0.091,10.4,0.648,-0.804,18.953,12.614,6.34,
Leptocyon_matthewi,13.09,8.83,0.674560733,95.45,0.092,11.75,0.813,-0.508,11.968,9.47,2.498,
Leptocyon_mollis,9.38,6.11,0.651385928,71.93,0.085,9.4,0.549,-1.049,29.414,27.984,1.43,
Leptocyon_tejonensis,11.8,7.42,0.628813559,87.4,0.085,11.75,0.731,-0.508,12.131,12.043,0.088,y
Leptocyon_vafer,11.75,8.05,0.685106383,80.55,0.1,11.95,0.727,-0.467,14.94,9.546,5.394,
Leptocyon_vulpinus,10.99,7.6,0.691537762,82.28,0.092,11.9,0.675,-0.477,25.826,17.551,8.275,
Mesocyon_brachyops,14.63,10.37,0.708817498,100.67,0.103,18.8,0.901,0.632,30.294,26.908,3.386,
Mesocyon_coryphaeus,16.75,11.73,0.700298507,116.3,0.101,20.74,1.008,0.87,30.232,25.024,5.208,
Mesocyon_temnodon,13.78,9.34,0.677793904,88.8,0.105,18.24,0.853,0.558,33.649,27.786,5.863,
Metalopex_bakeri,12.5,8.03,0.6424,91.79,0.087,15.53,0.776,0.168,7.405,6.767,0.638,
Metalopex_macconnelli,12.37,8.6,0.695230396,90.98,0.095,12.32,0.768,-0.393,11.752,6.747,5.004,
Metalopex_merriami,14.55,9.6,0.659793814,104.42,0.092,15.55,0.896,0.171,8.853,6.693,2.16,
Metatomarctus_canavus,17.65,11.65,0.660056657,107.98,0.108,22.1,1.049,1.024,18.893,17.399,1.494,
Microtomarctus_conferta,15.86,10.98,0.692307692,92.47,0.119,16.19,0.964,0.269,16.873,12.456,4.417,
Osbornodon_brachypus,19.51,14.11,0.723218862,153.5,0.092,31.4,1.128,1.875,19.311,18.986,0.325,
Osbornodon_fricki,28.09,20.66,0.735493058,185.7,0.111,36.9,1.416,2.267,17.051,15.223,1.828,
Osbornodon_iamonensis,19.93,13.58,0.681384847,126.69,0.107,20.63,1.145,0.857,19.276,17.412,1.863,
Osbornodon_renjiei,12.33,8.23,0.667477697,85.52,0.096,15.9,0.766,0.225,33.556,30.541,3.015,
Osbornodon_scitulus,17.76,12.47,0.70213964,115.26,0.108,21.2,1.054,0.923,18.611,16.135,2.476,
Osbornodon_sesnoni,14.68,10.27,0.699591281,98.62,0.104,20.95,0.903,0.894,32.603,29.271,3.332,
Osbornodon_wangi,,,,,,,,,25.292,24.876,0.416,y
Otarocyon_cooki,6.2,3.8,0.612903226,42.82,0.089,6.7,0.222,-1.87,29.512,19.475,10.037,
Otarocyon_macdonaldi,6.2,4.1,0.661290323,42.6,0.096,6.9,0.222,-1.799,33.905,33.336,0.569,
Oxetocyon_cuspidatus,7.63,4.58,0.600262123,51.45,0.089,9.18,0.386,-1.106,31.632,27.962,3.669,
Paracynarctus_kelloggi,15.32,10.04,0.65535248,95.29,0.105,19.2,0.937,0.683,19.024,14.763,4.26,
Paracynarctus_sinclairi,14.7,9.85,0.670068027,91.86,0.107,16.4,0.905,0.3,15.687,14.857,0.831,
Paraenhydrocyon_josephi,14.46,10.27,0.710235131,107.15,0.096,18.18,0.891,0.55,30.585,19.961,10.623,
Paraenhydrocyon_robustus,15.8,11.1,0.702531646,115.1,0.096,18.2,0.962,0.553,25.383,19.171,6.212,
Paraenhydrocyon_wallovianus,19.83,14.07,0.709531014,134.7,0.104,26.23,1.141,1.439,27.895,18.906,8.988,
Paratomarctus_euthos,20.34,13.1,0.644051131,123,0.107,25.2,1.161,1.342,12.506,9.766,2.74,
Paratomarctus_temerarius,18.74,13.19,0.703842049,121.74,0.108,21.45,1.097,0.951,16.933,11.248,5.684,
Philotrox_condoni,18.28,13.4,0.733041575,120.1,0.112,24.32,1.077,1.256,30.338,25.987,4.351,
Phlaocyon_achoros,8.5,5.53,0.650588235,56.6,0.098,,0.472,,23.5,23.097,0.403,y
Phlaocyon_annectens,6,3.78,0.63,41.6,0.091,10.12,0.196,-0.87,23.148,18.83,4.318,
Phlaocyon_latidens,8.23,5.36,0.65127582,54.99,0.097,9.39,0.446,-1.052,32.624,27.608,5.016,
Phlaocyon_leucosteus,9.76,6.73,0.68954918,65,0.104,12,0.581,-0.457,19.627,16.904,2.723,
Phlaocyon_mariae,,,,,,,,,18.869,17.703,1.166,
Phlaocyon_marslandensis,11.2,6.5,0.580357143,72.23,0.09,,0.69,,18.843,17.482,1.361,
Phlaocyon_minor,9.5,6.03,0.634736842,61.84,0.097,10.6,0.559,-0.758,28.391,18.87,9.522,
Phlaocyon_multicuspus,,,,,,,,,19.06,18.877,0.183,y
Phlaocyon_taylori,6.87,4.37,0.636098981,52.1,0.084,8.67,0.304,-1.245,26.255,19.374,6.882,
Phlaocyon_yatkolai,16.2,9.72,0.6,100.1,0.097,24.15,0.981,1.239,18.382,18.256,0.125,y
Prohesperocyon_wilsoni,9.1,6,0.659340659,66.69,0.09,8.6,0.504,-1.265,,,,
Protepicyon_raki,27.5,19.8,0.72,140.3,0.141,33.5,1.4,2.032,15.574,12.739,2.835,
Protomarctus_optatus,18.28,12.29,0.672319475,114.5,0.107,22.1,1.077,1.024,19.514,14.944,4.57,
Psalidocyon_marianae,16,10.7,0.66875,97.1,0.11,20.8,0.971,0.877,15.412,14.77,0.642,
Rhizocyon_oregonensis,9.03,5.94,0.657807309,57.32,0.104,9.6,0.519,-0.998,30.871,24.42,6.451,
Sunkahetanka_geringensis,17.63,13.08,0.741917187,109.45,0.12,24,1.048,1.224,30.479,27.622,2.858,
Tephrocyon_rurestris,20.8,15.01,0.721634615,124.83,0.12,23.8,1.179,1.203,15.135,13.006,2.129,
Theriodictis_floridanus,23.54,17.19,0.730246389,157.08,0.109,27.88,1.277,1.587,,,,
Tomarctus_brevirostris,23.08,16.72,0.724436742,133,0.126,29.28,1.261,1.706,16.003,12.661,3.342,
Tomarctus_hippophaga,19.45,13.63,0.700771208,115.26,0.118,23.43,1.126,1.165,17.073,11.249,5.824,
Urocyon_cinereoargenteus,11.2,6.86,0.6125,81.8,0.084,,0.689,,,,,
Urocyon_citrinus,12.14,7.38,0.607907743,89.56,0.082,11.6,0.753,-0.539,2.031,1.835,0.196,y
Urocyon_galushai,11.75,,,91.28,,12.69,0.727,-0.321,2.792,2.21,0.582,
Urocyon_littoralis,9.45,5.45,0.576719577,70.17,0.078,,0.555,,,,,
Urocyon_minicephalus,11.65,6.25,0.536480687,81.9,0.076,13.15,0.721,-0.235,1.692,0.012,1.68,
Urocyon_progressus,,,,,,,,,2.605,2.414,0.191,y
Urocyon_webbi,12.3,6.99,0.568292683,90.54,0.077,14.58,0.764,0.015,7.415,7.296,0.118,y
Vulpes_kernensis,11.8,7.96,0.674576271,87.4,0.091,9.84,0.731,-0.938,7.883,7.766,0.117,y
Vulpes_macrotis,11.19,7.19,0.64253798,78.98,0.091,9.61,0.322,-0.046,,,,
Vulpes_stenognathus,14.9,10.3,0.691275168,99.4,0.104,13.5,0.915,-0.171,9.009,4.538,4.472,
Vulpes_velox,13.03,8.67,0.665387567,95.08,0.091,,0.809,,,,,
Vulpes_vulpes,16.04,10.09,0.629052369,105.38,0.096,14.44,0.973,0.301,,,,
Xenocyon_lycaonoides,26.18,19.17,0.73223835,171.95,0.111,31.19,1.361,1.859,0.903,0.451,0.452,
Xenocyon_texanus,28.06,20.81,0.741625089,182.37,0.114,37.76,1.416,2.323,0.761,0.618,0.143,y